{"cameraMode":{"drawMode":0,"name":"Shaded","section":"Shading Mode"},"sceneLighting":false,"audioPlay":false,"sceneViewState":{"m_AlwaysRefresh":false,"showFog":true,"showSkybox":false,"showFlares":true,"showImageEffects":true,"showParticleSystems":true,"showVisualEffectGraphs":true,"m_FxEnabled":true},"in2DMode":false,"pivot":{"x":1.7489402294158936,"y":1.1492955684661866,"z":0.1598418951034546},"rotation":{"x":-0.30399176478385928,"y":-0.049417417496442798,"z":0.015793170779943467,"w":-0.951262891292572},"size":1.291115164756775,"orthographic":false}