{"cameraMode":{"drawMode":0,"name":"Shaded","section":"Shading Mode"},"sceneLighting":false,"audioPlay":false,"sceneViewState":{"m_AlwaysRefresh":false,"showFog":true,"showSkybox":false,"showFlares":true,"showImageEffects":true,"showParticleSystems":true,"showVisualEffectGraphs":true,"m_FxEnabled":true},"in2DMode":false,"pivot":{"x":-1.3554635047912598,"y":1.790401577949524,"z":0.7671182155609131},"rotation":{"x":-0.21746903657913209,"y":0.11593150347471237,"z":-0.026022139936685563,"w":-0.968811571598053},"size":2.2763352394104006,"orthographic":false}